{
	"format_version": "1.8.0",
	"animations": {
		"wasonce.idle": {
			"loop": true,
			"animation_length": 0.5,
			"bones": {
				"Head": {
					"rotation": {
						"0.0": {
							"vector": [17.5, 0, 7.5],
							"easing": "bezier",
							"left": [0, 0, 0],
							"left_time": [-0.1, -0.1, -0.1],
							"right": [0, 0, 0],
							"right_time": [0.1, 0.1, 0.1]
						},
						"0.0208": [17.49619, 0.04562, 7.3545],
						"0.0417": [17.48405, 0.19102, 6.8908],
						"0.0625": [17.46275, 0.44608, 6.07737],
						"0.0833": [17.43241, 0.80927, 4.91908],
						"0.1042": [17.39505, 1.25661, 3.4924],
						"0.125": [17.35498, 1.73649, 1.96196],
						"0.1458": [17.31761, 2.18384, 0.53525],
						"0.1667": [17.28728, 2.54705, -0.6231],
						"0.1875": [17.26598, 2.80213, -1.43659],
						"0.2083": [17.25383, 2.94754, -1.90034],
						"0.2292": {
							"vector": [17.25002, 2.99318, -2.04589],
							"easing": "bezier",
							"left": [0, 0, 0],
							"left_time": [-0.1, -0.1, -0.1],
							"right": [0, 0, 0],
							"right_time": [0.1, 0.1, 0.1]
						},
						"0.25": [17.25361, 2.95022, -1.90888],
						"0.2708": [17.26415, 2.82398, -1.50629],
						"0.2917": [17.28111, 2.62099, -0.85892],
						"0.3125": [17.30358, 2.35186, -0.0006],
						"0.3333": [17.33034, 2.03151, 1.02109],
						"0.3958": [17.41969, 0.96162, 4.4332],
						"0.4167": [17.44644, 0.64126, 5.45487],
						"0.4375": [17.46892, 0.37214, 6.31315],
						"0.4583": [17.48587, 0.16917, 6.96048],
						"0.4792": [17.49641, 0.04295, 7.36303],
						"0.5": {
							"vector": [17.5, 0, 7.5],
							"easing": "bezier",
							"left": [0, 0, 0],
							"left_time": [-0.1, -0.1, -0.1],
							"right": [0, 0, 0],
							"right_time": [0.1, 0.1, 0.1]
						}
					},
					"position": {
						"0.0": {
							"vector": [1, -1.5, -1],
							"easing": "bezier",
							"left": [0, 0, 0],
							"left_time": [-0.1, -0.1, -0.1],
							"right": [0, 0, 0],
							"right_time": [0.1, 0.1, 0.1]
						},
						"0.0208": [0.99238, -1.49238, -1],
						"0.0417": [0.96809, -1.46809, -1],
						"0.0625": [0.92548, -1.42548, -1],
						"0.0833": [0.86481, -1.36481, -1],
						"0.1458": [0.6352, -1.1352, -1],
						"0.1667": [0.57452, -1.07452, -1],
						"0.1875": [0.53191, -1.03191, -1],
						"0.2083": [0.50762, -1.00762, -1],
						"0.2292": {
							"vector": [0.5, -1, -1],
							"easing": "bezier",
							"left": [0, 0, 0],
							"left_time": [-0.1, -0.1, -0.1],
							"right": [0, 0, 0],
							"right_time": [0.1, 0.1, 0.1]
						},
						"0.25": [0.50621, -1.0091, -1],
						"0.2708": [0.53629, -1.05153, -1],
						"0.2917": [0.69558, -1.25, -1],
						"0.3125": [0.91607, -1.44847, -1],
						"0.3333": [1.00405, -1.4909, -1],
						"0.3542": {
							"vector": [1.06, -1.5, -1],
							"easing": "bezier",
							"left": [0.22511, 0, 0],
							"left_time": [-0.1, -0.1, -0.1],
							"right": [-0.22511, 0, 0],
							"right_time": [0.1, 0.1, 0.1]
						},
						"0.375": [1.10393, -1.5, -1],
						"0.3958": [1.13764, -1.5, -1],
						"0.4167": [1.14177, -1.5, -1],
						"0.4375": [1.07393, -1.5, -1],
						"0.4583": [1.0243, -1.5, -1],
						"0.4792": [1.00488, -1.5, -1],
						"0.5": {
							"vector": [1, -1.5, -1],
							"easing": "bezier",
							"left": [0, 0, 0],
							"left_time": [-0.1, -0.1, -0.1],
							"right": [0, 0, 0],
							"right_time": [0.1, 0.1, 0.1]
						}
					}
				},
				"Body": {
					"rotation": {
						"0.0": {
							"vector": [7.5, 0, 0],
							"easing": "bezier",
							"left": [0, 0, 0],
							"left_time": [-0.1, -0.1, -0.1],
							"right": [0, 0, 0],
							"right_time": [0.1, 0.1, 0.1]
						},
						"0.0208": [7.45784, 0, 0],
						"0.0417": [7.29726, 0, 0],
						"0.0625": [6.92833, 0, 0],
						"0.1042": [5.5718, 0, 0],
						"0.125": [5.20278, 0, 0],
						"0.1458": [5.04217, 0, 0],
						"0.1667": {
							"vector": [5, 0, 0],
							"easing": "bezier",
							"left": [0, 0, 0],
							"left_time": [-0.1, -0.1, -0.1],
							"right": [0, 0, 0],
							"right_time": [0.1, 0.1, 0.1]
						},
						"0.1875": [4.95788, -0.04212, -0.00184],
						"0.2083": [4.79744, -0.20256, -0.00885],
						"0.2292": [4.42875, -0.57125, -0.02496],
						"0.2708": [3.0734, -1.9266, -0.08417],
						"0.2917": [2.70486, -2.29514, -0.10027],
						"0.3125": [2.54447, -2.45553, -0.10728],
						"0.3333": {
							"vector": [2.50238, -2.49762, -0.10912],
							"easing": "bezier",
							"left": [0, 0, 0],
							"left_time": [-0.1, -0.1, -0.1],
							"right": [0, 0, 0],
							"right_time": [0.1, 0.1, 0.1]
						},
						"0.3542": [2.58665, -2.4555, -0.10728],
						"0.375": [2.90767, -2.29507, -0.10027],
						"0.3958": [3.64518, -1.92649, -0.08417],
						"0.4375": [6.35695, -0.57125, -0.02496],
						"0.4583": [7.09463, -0.20259, -0.00885],
						"0.4792": [7.4157, -0.04213, -0.00184],
						"0.5": {
							"vector": [7.5, 0, 0],
							"easing": "bezier",
							"left": [0, 0, 0],
							"left_time": [-0.1, -0.1, -0.1],
							"right": [0, 0, 0],
							"right_time": [0.1, 0.1, 0.1]
						}
					},
					"position": {
						"0.0": {
							"vector": [0, 0, 0],
							"easing": "bezier",
							"left": [0, 0, 0],
							"left_time": [-0.1, -0.1, -0.1],
							"right": [0, 0, 0],
							"right_time": [0.1, 0.1, 0.1]
						},
						"0.0208": [0, 0, 0],
						"0.1667": {
							"vector": [0, 0, 0],
							"easing": "bezier",
							"left": [0, 0, 0],
							"left_time": [-0.1, -0.1, -0.1],
							"right": [0, 0, 0],
							"right_time": [0.1, 0.1, 0.1]
						},
						"0.1875": [0, 0, 0],
						"0.3333": {
							"vector": [0, 0, 0],
							"easing": "bezier",
							"left": [0, 0, 0],
							"left_time": [-0.1, -0.1, -0.1],
							"right": [0, 0, 0],
							"right_time": [0.1, 0.1, 0.1]
						},
						"0.3542": [0, 0, 0],
						"0.5": {
							"vector": [0, 0, 0],
							"easing": "bezier",
							"left": [0, 0, 0],
							"left_time": [-0.1, -0.1, -0.1],
							"right": [0, 0, 0],
							"right_time": [0.1, 0.1, 0.1]
						}
					}
				},
				"Right Arm": {
					"rotation": {
						"0.0": {
							"vector": [-1.40281, 12.14213, 8.00372],
							"easing": "bezier",
							"left": [0, 0, 0],
							"left_time": [-0.1, -0.1, -0.1],
							"right": [0, 0, 0],
							"right_time": [0.1, 0.1, 0.1]
						},
						"0.0208": [-1.42562, 12.36639, 7.9],
						"0.0417": [-1.53192, 13.41156, 7.41661],
						"0.0833": [-2.52654, 23.1912, 2.89352],
						"0.1042": [-2.63284, 24.23637, 2.41013],
						"0.125": {
							"pre": {
								"vector": [-2.65565, 24.46063, 2.30641]
							},
							"post": {
								"vector": [-2.65565, 24.46063, 2.30641]
							},
							"lerp_mode": "catmullrom"
						},
						"0.2083": {
							"post": {
								"vector": [-0.39921, 24.57472, 7.82922]
							},
							"lerp_mode": "catmullrom"
						},
						"0.2917": {
							"post": {
								"vector": [-0.37339, 24.59289, 7.80076]
							},
							"lerp_mode": "catmullrom"
						},
						"0.375": {
							"post": {
								"vector": [-0.52242, 12.21235, 7.92195]
							},
							"lerp_mode": "catmullrom"
						},
						"0.3958": [-0.53916, 12.21102, 7.92351],
						"0.4167": [-0.63088, 12.2037, 7.93203],
						"0.4375": [-1.29432, 12.15078, 7.99365],
						"0.4792": {
							"vector": [-1.40281, 12.14213, 8.00372],
							"easing": "bezier",
							"left": [0, 0, 0],
							"left_time": [-0.1, -0.1, -0.1],
							"right": [0, 0, 0],
							"right_time": [0.1, 0.1, 0.1]
						}
					},
					"position": {
						"0.0": {
							"vector": [0, -1, -0.5],
							"easing": "bezier",
							"left": [0, 0, 0],
							"left_time": [-0.1, -0.1, -0.1],
							"right": [0, 0, 0],
							"right_time": [0.1, 0.1, 0.1]
						},
						"0.0208": [0.0091, -0.9909, -0.5],
						"0.0417": [0.05153, -0.94847, -0.5],
						"0.0833": [0.44847, -0.55153, -0.5],
						"0.1042": [0.4909, -0.5091, -0.5],
						"0.125": {
							"pre": {
								"vector": [0.5, -0.5, -0.5]
							},
							"post": {
								"vector": [0.5, -0.5, -0.5]
							},